row,order_number,serial_number,product_id,serial_id
2186,5659,1.1522E+11,32,4143
2187,5659,6.79151E+12,32,4144
2426,5759,1221121,32,4145
2633,5888,1.2E+11,26,4146
2800,6015,6.11117E+12,32,4147
3345,6283,1.19116E+14,32,4148
4073,6649,8.90601E+12,30,4164